"id","activitydate","totalsteps","calories"
"1503960366","2016-04-12 00:00:00",13162,1985
"1503960366","2016-04-13 00:00:00",10735,1797
"1503960366","2016-04-14 00:00:00",10460,1776
"1503960366","2016-04-15 00:00:00",9762,1745
"1503960366","2016-04-16 00:00:00",12669,1863
"1503960366","2016-04-17 00:00:00",9705,1728
"1503960366","2016-04-18 00:00:00",13019,1921
"1503960366","2016-04-19 00:00:00",15506,2035
"1503960366","2016-04-20 00:00:00",10544,1786
"1503960366","2016-04-21 00:00:00",9819,1775
"1503960366","2016-04-22 00:00:00",12764,1827
"1503960366","2016-04-23 00:00:00",14371,1949
"1503960366","2016-04-24 00:00:00",10039,1788
"1503960366","2016-04-25 00:00:00",15355,2013
"1503960366","2016-04-26 00:00:00",13755,1970
"1503960366","2016-04-27 00:00:00",18134,2159
"1503960366","2016-04-28 00:00:00",13154,1898
"1503960366","2016-04-29 00:00:00",11181,1837
"1503960366","2016-04-30 00:00:00",14673,1947
"1503960366","2016-05-01 00:00:00",10602,1820
"1503960366","2016-05-02 00:00:00",14727,2004
"1503960366","2016-05-03 00:00:00",15103,1990
"1503960366","2016-05-04 00:00:00",11100,1819
"1503960366","2016-05-05 00:00:00",14070,1959
"1503960366","2016-05-06 00:00:00",12159,1896
"1503960366","2016-05-07 00:00:00",11992,1821
"1503960366","2016-05-08 00:00:00",10060,1740
"1503960366","2016-05-09 00:00:00",12022,1819
"1503960366","2016-05-10 00:00:00",12207,1859
"1503960366","2016-05-11 00:00:00",12770,1783
"1503960366","2016-05-12 00:00:00",0,0
"1624580081","2016-04-12 00:00:00",8163,1432
"1624580081","2016-04-13 00:00:00",7007,1411
"1624580081","2016-04-14 00:00:00",9107,1572
"1624580081","2016-04-15 00:00:00",1510,1344
"1624580081","2016-04-16 00:00:00",5370,1463
"1624580081","2016-04-17 00:00:00",6175,1554
"1624580081","2016-04-18 00:00:00",10536,1604
"1624580081","2016-04-19 00:00:00",2916,1435
"1624580081","2016-04-20 00:00:00",4974,1446
"1624580081","2016-04-21 00:00:00",6349,1467
"1624580081","2016-04-22 00:00:00",4026,1470
"1624580081","2016-04-23 00:00:00",8538,1562
"1624580081","2016-04-24 00:00:00",6076,1617
"1624580081","2016-04-25 00:00:00",6497,1492
"1624580081","2016-04-26 00:00:00",2826,1402
"1624580081","2016-04-27 00:00:00",8367,1670
"1624580081","2016-04-28 00:00:00",2759,1401
"1624580081","2016-04-29 00:00:00",2390,1404
"1624580081","2016-04-30 00:00:00",6474,1655
"1624580081","2016-05-01 00:00:00",36019,2690
"1624580081","2016-05-02 00:00:00",7155,1497
"1624580081","2016-05-03 00:00:00",2100,1334
"1624580081","2016-05-04 00:00:00",2193,1368
"1624580081","2016-05-05 00:00:00",2470,1370
"1624580081","2016-05-06 00:00:00",1727,1341
"1624580081","2016-05-07 00:00:00",2104,1474
"1624580081","2016-05-08 00:00:00",3427,1427
"1624580081","2016-05-09 00:00:00",1732,1328
"1624580081","2016-05-10 00:00:00",2969,1393
"1624580081","2016-05-11 00:00:00",3134,1359
"1624580081","2016-05-12 00:00:00",2971,1002
"1644430081","2016-04-12 00:00:00",10694,3199
"1644430081","2016-04-13 00:00:00",8001,2902
"1644430081","2016-04-14 00:00:00",11037,3226
"1644430081","2016-04-15 00:00:00",5263,2750
"1644430081","2016-04-16 00:00:00",15300,3493
"1644430081","2016-04-17 00:00:00",8757,3011
"1644430081","2016-04-18 00:00:00",7132,2806
"1644430081","2016-04-19 00:00:00",11256,3300
"1644430081","2016-04-20 00:00:00",2436,2430
"1644430081","2016-04-21 00:00:00",1223,2140
"1644430081","2016-04-22 00:00:00",3673,2344
"1644430081","2016-04-23 00:00:00",6637,2677
"1644430081","2016-04-24 00:00:00",3321,2413
"1644430081","2016-04-25 00:00:00",3580,2497
"1644430081","2016-04-26 00:00:00",9919,3123
"1644430081","2016-04-27 00:00:00",3032,2489
"1644430081","2016-04-28 00:00:00",9405,3108
"1644430081","2016-04-29 00:00:00",3176,2498
"1644430081","2016-04-30 00:00:00",18213,3846
"1644430081","2016-05-01 00:00:00",6132,2696
"1644430081","2016-05-02 00:00:00",3758,2580
"1644430081","2016-05-03 00:00:00",12850,3324
"1644430081","2016-05-04 00:00:00",2309,2222
"1644430081","2016-05-05 00:00:00",4363,2463
"1644430081","2016-05-06 00:00:00",9787,3328
"1644430081","2016-05-07 00:00:00",13372,3404
"1644430081","2016-05-08 00:00:00",6724,2987
"1644430081","2016-05-09 00:00:00",6643,3008
"1644430081","2016-05-10 00:00:00",9167,2799
"1644430081","2016-05-11 00:00:00",1329,1276
"1844505072","2016-04-12 00:00:00",6697,2030
"1844505072","2016-04-13 00:00:00",4929,1860
"1844505072","2016-04-14 00:00:00",7937,2130
"1844505072","2016-04-15 00:00:00",3844,1725
"1844505072","2016-04-16 00:00:00",3414,1657
"1844505072","2016-04-17 00:00:00",4525,1793
"1844505072","2016-04-18 00:00:00",4597,1814
"1844505072","2016-04-19 00:00:00",197,1366
"1844505072","2016-04-20 00:00:00",8,1349
"1844505072","2016-04-21 00:00:00",8054,2062
"1844505072","2016-04-22 00:00:00",5372,1827
"1844505072","2016-04-23 00:00:00",3570,1645
"1844505072","2016-04-24 00:00:00",0,1347
"1844505072","2016-04-25 00:00:00",0,1347
"1844505072","2016-04-26 00:00:00",0,1347
"1844505072","2016-04-27 00:00:00",4,1348
"1844505072","2016-04-28 00:00:00",6907,1992
"1844505072","2016-04-29 00:00:00",4920,1856
"1844505072","2016-04-30 00:00:00",4014,1763
"1844505072","2016-05-01 00:00:00",2573,1541
"1844505072","2016-05-02 00:00:00",0,1348
"1844505072","2016-05-03 00:00:00",4059,1742
"1844505072","2016-05-04 00:00:00",2080,1549
"1844505072","2016-05-05 00:00:00",2237,1589
"1844505072","2016-05-06 00:00:00",44,1351
"1844505072","2016-05-07 00:00:00",0,1347
"1844505072","2016-05-08 00:00:00",0,1347
"1844505072","2016-05-09 00:00:00",0,1347
"1844505072","2016-05-10 00:00:00",0,1347
"1844505072","2016-05-11 00:00:00",0,1347
"1844505072","2016-05-12 00:00:00",0,665
"1927972279","2016-04-12 00:00:00",678,2220
"1927972279","2016-04-13 00:00:00",356,2151
"1927972279","2016-04-14 00:00:00",2163,2383
"1927972279","2016-04-15 00:00:00",980,2221
"1927972279","2016-04-16 00:00:00",0,2064
"1927972279","2016-04-17 00:00:00",0,2063
"1927972279","2016-04-18 00:00:00",244,2111
"1927972279","2016-04-19 00:00:00",0,2063
"1927972279","2016-04-20 00:00:00",0,2063
"1927972279","2016-04-21 00:00:00",0,2064
"1927972279","2016-04-22 00:00:00",149,2093
"1927972279","2016-04-23 00:00:00",2945,2499
"1927972279","2016-04-24 00:00:00",2090,2324
"1927972279","2016-04-25 00:00:00",152,2100
"1927972279","2016-04-26 00:00:00",3761,2638
"1927972279","2016-04-27 00:00:00",0,2063
"1927972279","2016-04-28 00:00:00",1675,2351
"1927972279","2016-04-29 00:00:00",0,2063
"1927972279","2016-04-30 00:00:00",0,2064
"1927972279","2016-05-01 00:00:00",2704,2411
"1927972279","2016-05-02 00:00:00",3790,2505
"1927972279","2016-05-03 00:00:00",1326,2195
"1927972279","2016-05-04 00:00:00",1786,2338
"1927972279","2016-05-05 00:00:00",0,2063
"1927972279","2016-05-06 00:00:00",2091,2383
"1927972279","2016-05-07 00:00:00",1510,2229
"1927972279","2016-05-08 00:00:00",0,2063
"1927972279","2016-05-09 00:00:00",0,2063
"1927972279","2016-05-10 00:00:00",0,2063
"1927972279","2016-05-11 00:00:00",0,2063
"1927972279","2016-05-12 00:00:00",0,1383
"2022484408","2016-04-12 00:00:00",11875,2390
"2022484408","2016-04-13 00:00:00",12024,2601
"2022484408","2016-04-14 00:00:00",10690,2312
"2022484408","2016-04-15 00:00:00",11034,2525
"2022484408","2016-04-16 00:00:00",10100,2177
"2022484408","2016-04-17 00:00:00",15112,2782
"2022484408","2016-04-18 00:00:00",14131,2770
"2022484408","2016-04-19 00:00:00",11548,2489
"2022484408","2016-04-20 00:00:00",15112,2897
"2022484408","2016-04-21 00:00:00",12453,3158
"2022484408","2016-04-22 00:00:00",12954,2638
"2022484408","2016-04-23 00:00:00",6001,2069
"2022484408","2016-04-24 00:00:00",13481,2529
"2022484408","2016-04-25 00:00:00",11369,2470
"2022484408","2016-04-26 00:00:00",10119,2793
"2022484408","2016-04-27 00:00:00",10159,2463
"2022484408","2016-04-28 00:00:00",10140,2296
"2022484408","2016-04-29 00:00:00",10245,2611
"2022484408","2016-04-30 00:00:00",18387,2732
"2022484408","2016-05-01 00:00:00",10538,2380
"2022484408","2016-05-02 00:00:00",10379,2473
"2022484408","2016-05-03 00:00:00",12183,2752
"2022484408","2016-05-04 00:00:00",11768,2649
"2022484408","2016-05-05 00:00:00",11895,2609
"2022484408","2016-05-06 00:00:00",10227,2498
"2022484408","2016-05-07 00:00:00",6708,1995
"2022484408","2016-05-08 00:00:00",3292,1848
"2022484408","2016-05-09 00:00:00",13379,2709
"2022484408","2016-05-10 00:00:00",12798,2797
"2022484408","2016-05-11 00:00:00",13272,2544
"2022484408","2016-05-12 00:00:00",9117,1853
"2026352035","2016-04-12 00:00:00",4414,1459
"2026352035","2016-04-13 00:00:00",4993,1521
"2026352035","2016-04-14 00:00:00",3335,1431
"2026352035","2016-04-15 00:00:00",3821,1444
"2026352035","2016-04-16 00:00:00",2547,1373
"2026352035","2016-04-17 00:00:00",838,1214
"2026352035","2016-04-18 00:00:00",3325,1419
"2026352035","2016-04-19 00:00:00",2424,1356
"2026352035","2016-04-20 00:00:00",7222,1667
"2026352035","2016-04-21 00:00:00",2467,1370
"2026352035","2016-04-22 00:00:00",2915,1399
"2026352035","2016-04-23 00:00:00",12357,1916
"2026352035","2016-04-24 00:00:00",3490,1401
"2026352035","2016-04-25 00:00:00",6017,1576
"2026352035","2016-04-26 00:00:00",5933,1595
"2026352035","2016-04-27 00:00:00",6088,1593
"2026352035","2016-04-28 00:00:00",6375,1649
"2026352035","2016-04-29 00:00:00",7604,1692
"2026352035","2016-04-30 00:00:00",4729,1506
"2026352035","2016-05-01 00:00:00",3609,1447
"2026352035","2016-05-02 00:00:00",7018,1690
"2026352035","2016-05-03 00:00:00",5992,1604
"2026352035","2016-05-04 00:00:00",6564,1658
"2026352035","2016-05-05 00:00:00",12167,1926
"2026352035","2016-05-06 00:00:00",8198,1736
"2026352035","2016-05-07 00:00:00",4193,1491
"2026352035","2016-05-08 00:00:00",5528,1555
"2026352035","2016-05-09 00:00:00",10685,1869
"2026352035","2016-05-10 00:00:00",254,1141
"2026352035","2016-05-11 00:00:00",8580,1698
"2026352035","2016-05-12 00:00:00",8891,1364
"2320127002","2016-04-12 00:00:00",10725,2124
"2320127002","2016-04-13 00:00:00",7275,2003
"2320127002","2016-04-14 00:00:00",3973,1696
"2320127002","2016-04-15 00:00:00",5205,1801
"2320127002","2016-04-16 00:00:00",5057,1724
"2320127002","2016-04-17 00:00:00",6198,1852
"2320127002","2016-04-18 00:00:00",6559,1905
"2320127002","2016-04-19 00:00:00",5997,1811
"2320127002","2016-04-20 00:00:00",7192,1922
"2320127002","2016-04-21 00:00:00",3404,1610
"2320127002","2016-04-22 00:00:00",5583,1851
"2320127002","2016-04-23 00:00:00",5079,1804
"2320127002","2016-04-24 00:00:00",4165,1725
"2320127002","2016-04-25 00:00:00",3588,1654
"2320127002","2016-04-26 00:00:00",3409,1632
"2320127002","2016-04-27 00:00:00",1715,1481
"2320127002","2016-04-28 00:00:00",1532,1473
"2320127002","2016-04-29 00:00:00",924,1410
"2320127002","2016-04-30 00:00:00",4571,1779
"2320127002","2016-05-01 00:00:00",772,1403
"2320127002","2016-05-02 00:00:00",3634,1613
"2320127002","2016-05-03 00:00:00",7443,1878
"2320127002","2016-05-04 00:00:00",1201,1426
"2320127002","2016-05-05 00:00:00",5202,1780
"2320127002","2016-05-06 00:00:00",4878,1742
"2320127002","2016-05-07 00:00:00",7379,1972
"2320127002","2016-05-08 00:00:00",5161,1821
"2320127002","2016-05-09 00:00:00",3090,1630
"2320127002","2016-05-10 00:00:00",6227,1899
"2320127002","2016-05-11 00:00:00",6424,1903
"2320127002","2016-05-12 00:00:00",2661,1125
"2347167796","2016-04-12 00:00:00",10113,2344
"2347167796","2016-04-13 00:00:00",10352,2038
"2347167796","2016-04-14 00:00:00",10129,2010
"2347167796","2016-04-15 00:00:00",10465,2133
"2347167796","2016-04-16 00:00:00",22244,2670
"2347167796","2016-04-17 00:00:00",5472,1882
"2347167796","2016-04-18 00:00:00",8247,1944
"2347167796","2016-04-19 00:00:00",6711,2346
"2347167796","2016-04-20 00:00:00",10999,2198
"2347167796","2016-04-21 00:00:00",10080,2048
"2347167796","2016-04-22 00:00:00",7804,1946
"2347167796","2016-04-23 00:00:00",16901,2629
"2347167796","2016-04-24 00:00:00",9471,2187
"2347167796","2016-04-25 00:00:00",9482,2095
"2347167796","2016-04-26 00:00:00",5980,1861
"2347167796","2016-04-27 00:00:00",11423,2194
"2347167796","2016-04-28 00:00:00",5439,1854
"2347167796","2016-04-29 00:00:00",42,403
"2873212765","2016-04-12 00:00:00",8796,1982
"2873212765","2016-04-13 00:00:00",7618,2004
"2873212765","2016-04-14 00:00:00",7910,1893
"2873212765","2016-04-15 00:00:00",8482,2063
"2873212765","2016-04-16 00:00:00",9685,2148
"2873212765","2016-04-17 00:00:00",2524,1529
"2873212765","2016-04-18 00:00:00",7762,1890
"2873212765","2016-04-19 00:00:00",7948,1956
"2873212765","2016-04-20 00:00:00",9202,2094
"2873212765","2016-04-21 00:00:00",8859,1970
"2873212765","2016-04-22 00:00:00",7286,2241
"2873212765","2016-04-23 00:00:00",9317,2021
"2873212765","2016-04-24 00:00:00",6873,1898
"2873212765","2016-04-25 00:00:00",7373,1907
"2873212765","2016-04-26 00:00:00",8242,1882
"2873212765","2016-04-27 00:00:00",3516,1966
"2873212765","2016-04-28 00:00:00",7913,1835
"2873212765","2016-04-29 00:00:00",7365,1780
"2873212765","2016-04-30 00:00:00",8452,1830
"2873212765","2016-05-01 00:00:00",7399,1739
"2873212765","2016-05-02 00:00:00",7525,1878
"2873212765","2016-05-03 00:00:00",7412,1906
"2873212765","2016-05-04 00:00:00",8278,2015
"2873212765","2016-05-05 00:00:00",8314,1971
"2873212765","2016-05-06 00:00:00",7063,1910
"2873212765","2016-05-07 00:00:00",4940,1897
"2873212765","2016-05-08 00:00:00",8168,2096
"2873212765","2016-05-09 00:00:00",7726,1906
"2873212765","2016-05-10 00:00:00",8275,1962
"2873212765","2016-05-11 00:00:00",6440,1826
"2873212765","2016-05-12 00:00:00",7566,1431
"3372868164","2016-04-12 00:00:00",4747,1788
"3372868164","2016-04-13 00:00:00",9715,2093
"3372868164","2016-04-14 00:00:00",8844,2065
"3372868164","2016-04-15 00:00:00",7451,1908
"3372868164","2016-04-16 00:00:00",6905,1908
"3372868164","2016-04-17 00:00:00",8199,1964
"3372868164","2016-04-18 00:00:00",6798,2014
"3372868164","2016-04-19 00:00:00",7711,1985
"3372868164","2016-04-20 00:00:00",4880,1867
"3372868164","2016-04-21 00:00:00",8857,2124
"3372868164","2016-04-22 00:00:00",3843,1669
"3372868164","2016-04-23 00:00:00",7396,1995
"3372868164","2016-04-24 00:00:00",6731,1921
"3372868164","2016-04-25 00:00:00",5995,2010
"3372868164","2016-04-26 00:00:00",8283,2057
"3372868164","2016-04-27 00:00:00",7904,2095
"3372868164","2016-04-28 00:00:00",5512,1972
"3372868164","2016-04-29 00:00:00",9135,2044
"3372868164","2016-04-30 00:00:00",5250,1946
"3372868164","2016-05-01 00:00:00",3077,1237
"3977333714","2016-04-12 00:00:00",8856,1450
"3977333714","2016-04-13 00:00:00",10035,1495
"3977333714","2016-04-14 00:00:00",7641,1433
"3977333714","2016-04-15 00:00:00",9010,1468
"3977333714","2016-04-16 00:00:00",13459,1625
"3977333714","2016-04-17 00:00:00",10415,1529
"3977333714","2016-04-18 00:00:00",11663,1584
"3977333714","2016-04-19 00:00:00",12414,1638
"3977333714","2016-04-20 00:00:00",11658,1554
"3977333714","2016-04-21 00:00:00",6093,1397
"3977333714","2016-04-22 00:00:00",8911,1481
"3977333714","2016-04-23 00:00:00",12058,1638
"3977333714","2016-04-24 00:00:00",14112,1655
"3977333714","2016-04-25 00:00:00",11177,1570
"3977333714","2016-04-26 00:00:00",11388,1551
"3977333714","2016-04-27 00:00:00",7193,1377
"3977333714","2016-04-28 00:00:00",7114,1407
"3977333714","2016-04-29 00:00:00",10645,1545
"3977333714","2016-04-30 00:00:00",13238,1650
"3977333714","2016-05-01 00:00:00",10414,1501
"3977333714","2016-05-02 00:00:00",16520,1760
"3977333714","2016-05-03 00:00:00",14335,1710
"3977333714","2016-05-04 00:00:00",13559,1628
"3977333714","2016-05-05 00:00:00",12312,1618
"3977333714","2016-05-06 00:00:00",11677,1590
"3977333714","2016-05-07 00:00:00",11550,1574
"3977333714","2016-05-08 00:00:00",13585,1633
"3977333714","2016-05-09 00:00:00",14687,1667
"3977333714","2016-05-10 00:00:00",13072,1630
"3977333714","2016-05-11 00:00:00",746,52
"4020332650","2016-04-12 00:00:00",8539,3654
"4020332650","2016-04-13 00:00:00",0,1981
"4020332650","2016-04-14 00:00:00",108,2011
"4020332650","2016-04-15 00:00:00",1882,2951
"4020332650","2016-04-16 00:00:00",1982,3051
"4020332650","2016-04-17 00:00:00",16,1990
"4020332650","2016-04-18 00:00:00",62,1995
"4020332650","2016-04-19 00:00:00",0,1980
"4020332650","2016-04-20 00:00:00",0,1980
"4020332650","2016-04-21 00:00:00",0,1980
"4020332650","2016-04-22 00:00:00",0,1980
"4020332650","2016-04-23 00:00:00",0,1980
"4020332650","2016-04-24 00:00:00",0,1980
"4020332650","2016-04-25 00:00:00",0,1980
"4020332650","2016-04-26 00:00:00",0,1980
"4020332650","2016-04-27 00:00:00",0,1980
"4020332650","2016-04-28 00:00:00",0,1980
"4020332650","2016-04-29 00:00:00",0,1980
"4020332650","2016-04-30 00:00:00",0,1980
"4020332650","2016-05-01 00:00:00",0,1980
"4020332650","2016-05-02 00:00:00",475,2207
"4020332650","2016-05-03 00:00:00",4496,2828
"4020332650","2016-05-04 00:00:00",10252,3879
"4020332650","2016-05-05 00:00:00",11728,3429
"4020332650","2016-05-06 00:00:00",4369,2704
"4020332650","2016-05-07 00:00:00",6132,2975
"4020332650","2016-05-08 00:00:00",5862,3089
"4020332650","2016-05-09 00:00:00",4556,2785
"4020332650","2016-05-10 00:00:00",5546,2926
"4020332650","2016-05-11 00:00:00",3689,2645
"4020332650","2016-05-12 00:00:00",590,1120
"4057192912","2016-04-12 00:00:00",5394,2286
"4057192912","2016-04-13 00:00:00",5974,2306
"4057192912","2016-04-14 00:00:00",0,1776
"4057192912","2016-04-15 00:00:00",3984,1527
"4319703577","2016-04-12 00:00:00",7753,2115
"4319703577","2016-04-13 00:00:00",8204,2135
"4319703577","2016-04-14 00:00:00",10210,2302
"4319703577","2016-04-15 00:00:00",5664,1985
"4319703577","2016-04-16 00:00:00",4744,1884
"4319703577","2016-04-17 00:00:00",29,1464
"4319703577","2016-04-18 00:00:00",2276,1632
"4319703577","2016-04-19 00:00:00",8925,2200
"4319703577","2016-04-20 00:00:00",8954,2220
"4319703577","2016-04-21 00:00:00",3702,1792
"4319703577","2016-04-22 00:00:00",4500,1886
"4319703577","2016-04-23 00:00:00",4935,1945
"4319703577","2016-04-24 00:00:00",4081,1880
"4319703577","2016-04-25 00:00:00",9259,2314
"4319703577","2016-04-26 00:00:00",9899,2236
"4319703577","2016-04-27 00:00:00",10780,2324
"4319703577","2016-04-28 00:00:00",10817,2367
"4319703577","2016-04-29 00:00:00",7990,2175
"4319703577","2016-04-30 00:00:00",8221,2092
"4319703577","2016-05-01 00:00:00",1251,1593
"4319703577","2016-05-02 00:00:00",9261,2270
"4319703577","2016-05-03 00:00:00",9648,2235
"4319703577","2016-05-04 00:00:00",10429,2282
"4319703577","2016-05-05 00:00:00",13658,2530
"4319703577","2016-05-06 00:00:00",9524,2266
"4319703577","2016-05-07 00:00:00",7937,2158
"4319703577","2016-05-08 00:00:00",3672,1792
"4319703577","2016-05-09 00:00:00",10378,2345
"4319703577","2016-05-10 00:00:00",9487,2260
"4319703577","2016-05-11 00:00:00",9129,2232
"4319703577","2016-05-12 00:00:00",17,257
"4388161847","2016-04-12 00:00:00",10122,2955
"4388161847","2016-04-13 00:00:00",10993,3092
"4388161847","2016-04-14 00:00:00",8863,2998
"4388161847","2016-04-15 00:00:00",8758,3066
"4388161847","2016-04-16 00:00:00",6580,3073
"4388161847","2016-04-17 00:00:00",4660,2572
"4388161847","2016-04-18 00:00:00",11009,3274
"4388161847","2016-04-19 00:00:00",10181,3015
"4388161847","2016-04-20 00:00:00",10553,3083
"4388161847","2016-04-21 00:00:00",10055,3069
"4388161847","2016-04-22 00:00:00",12139,3544
"4388161847","2016-04-23 00:00:00",13236,3306
"4388161847","2016-04-24 00:00:00",10243,2885
"4388161847","2016-04-25 00:00:00",12961,3288
"4388161847","2016-04-26 00:00:00",9461,2929
"4388161847","2016-04-27 00:00:00",11193,3074
"4388161847","2016-04-28 00:00:00",10074,2969
"4388161847","2016-04-29 00:00:00",9232,2979
"4388161847","2016-04-30 00:00:00",12533,3283
"4388161847","2016-05-01 00:00:00",10255,2926
"4388161847","2016-05-02 00:00:00",10096,3147
"4388161847","2016-05-03 00:00:00",12727,3290
"4388161847","2016-05-04 00:00:00",12375,3162
"4388161847","2016-05-05 00:00:00",9603,2899
"4388161847","2016-05-06 00:00:00",13175,3425
"4388161847","2016-05-07 00:00:00",22770,4022
"4388161847","2016-05-08 00:00:00",17298,3934
"4388161847","2016-05-09 00:00:00",10218,3013
"4388161847","2016-05-10 00:00:00",10299,3061
"4388161847","2016-05-11 00:00:00",10201,2954
"4388161847","2016-05-12 00:00:00",3369,1623
"4445114986","2016-04-12 00:00:00",3276,2113
"4445114986","2016-04-13 00:00:00",2961,2095
"4445114986","2016-04-14 00:00:00",3974,2194
"4445114986","2016-04-15 00:00:00",7198,2496
"4445114986","2016-04-16 00:00:00",3945,2180
"4445114986","2016-04-17 00:00:00",2268,1933
"4445114986","2016-04-18 00:00:00",6155,2248
"4445114986","2016-04-19 00:00:00",2064,1954
"4445114986","2016-04-20 00:00:00",2072,1974
"4445114986","2016-04-21 00:00:00",3809,2150
"4445114986","2016-04-22 00:00:00",6831,2432
"4445114986","2016-04-23 00:00:00",4363,2149
"4445114986","2016-04-24 00:00:00",5002,2247
"4445114986","2016-04-25 00:00:00",3385,2070
"4445114986","2016-04-26 00:00:00",6326,2291
"4445114986","2016-04-27 00:00:00",7243,2361
"4445114986","2016-04-28 00:00:00",4493,2203
"4445114986","2016-04-29 00:00:00",4676,2196
"4445114986","2016-04-30 00:00:00",6222,2363
"4445114986","2016-05-01 00:00:00",5232,2246
"4445114986","2016-05-02 00:00:00",6910,2336
"4445114986","2016-05-03 00:00:00",7502,2421
"4445114986","2016-05-04 00:00:00",2923,2070
"4445114986","2016-05-05 00:00:00",3800,2120
"4445114986","2016-05-06 00:00:00",4514,2211
"4445114986","2016-05-07 00:00:00",5183,2123
"4445114986","2016-05-08 00:00:00",7303,2423
"4445114986","2016-05-09 00:00:00",5275,2281
"4445114986","2016-05-10 00:00:00",3915,2181
"4445114986","2016-05-11 00:00:00",9105,2499
"4445114986","2016-05-12 00:00:00",768,1212
"4558609924","2016-04-12 00:00:00",5135,1909
"4558609924","2016-04-13 00:00:00",4978,1722
"4558609924","2016-04-14 00:00:00",6799,1922
"4558609924","2016-04-15 00:00:00",7795,2121
"4558609924","2016-04-16 00:00:00",7289,1997
"4558609924","2016-04-17 00:00:00",9634,2117
"4558609924","2016-04-18 00:00:00",8940,2116
"4558609924","2016-04-19 00:00:00",5401,1876
"4558609924","2016-04-20 00:00:00",4803,1788
"4558609924","2016-04-21 00:00:00",13743,2486
"4558609924","2016-04-22 00:00:00",9601,2094
"4558609924","2016-04-23 00:00:00",6890,2085
"4558609924","2016-04-24 00:00:00",8563,2173
"4558609924","2016-04-25 00:00:00",8095,2225
"4558609924","2016-04-26 00:00:00",9148,2223
"4558609924","2016-04-27 00:00:00",9557,2098
"4558609924","2016-04-28 00:00:00",9451,2185
"4558609924","2016-04-29 00:00:00",7833,1918
"4558609924","2016-04-30 00:00:00",10319,2105
"4558609924","2016-05-01 00:00:00",3428,1692
"4558609924","2016-05-02 00:00:00",7891,2066
"4558609924","2016-05-03 00:00:00",5267,1953
"4558609924","2016-05-04 00:00:00",5232,1842
"4558609924","2016-05-05 00:00:00",10611,2262
"4558609924","2016-05-06 00:00:00",3755,1722
"4558609924","2016-05-07 00:00:00",8237,1973
"4558609924","2016-05-08 00:00:00",6543,2666
"4558609924","2016-05-09 00:00:00",11451,2223
"4558609924","2016-05-10 00:00:00",6435,1889
"4558609924","2016-05-11 00:00:00",9108,2131
"4558609924","2016-05-12 00:00:00",6307,1452
"4702921684","2016-04-12 00:00:00",7213,2947
"4702921684","2016-04-13 00:00:00",6877,2898
"4702921684","2016-04-14 00:00:00",7860,2984
"4702921684","2016-04-15 00:00:00",6506,2896
"4702921684","2016-04-16 00:00:00",11140,3328
"4702921684","2016-04-17 00:00:00",12692,3394
"4702921684","2016-04-18 00:00:00",9105,3013
"4702921684","2016-04-19 00:00:00",6708,2812
"4702921684","2016-04-20 00:00:00",8793,3061
"4702921684","2016-04-21 00:00:00",6530,2729
"4702921684","2016-04-22 00:00:00",1664,2241
"4702921684","2016-04-23 00:00:00",15126,3691
"4702921684","2016-04-24 00:00:00",15050,3538
"4702921684","2016-04-25 00:00:00",9167,3064
"4702921684","2016-04-26 00:00:00",6108,2784
"4702921684","2016-04-27 00:00:00",7047,2908
"4702921684","2016-04-28 00:00:00",9023,3033
"4702921684","2016-04-29 00:00:00",9930,3165
"4702921684","2016-04-30 00:00:00",10144,3115
"4702921684","2016-05-01 00:00:00",0,2017
"4702921684","2016-05-02 00:00:00",7245,2859
"4702921684","2016-05-03 00:00:00",9454,3145
"4702921684","2016-05-04 00:00:00",8161,3004
"4702921684","2016-05-05 00:00:00",8614,3006
"4702921684","2016-05-06 00:00:00",6943,2859
"4702921684","2016-05-07 00:00:00",14370,3683
"4702921684","2016-05-08 00:00:00",12857,3287
"4702921684","2016-05-09 00:00:00",8232,2990
"4702921684","2016-05-10 00:00:00",10613,3172
"4702921684","2016-05-11 00:00:00",9810,3069
"4702921684","2016-05-12 00:00:00",2752,1240
"5553957443","2016-04-12 00:00:00",11596,2026
"5553957443","2016-04-13 00:00:00",4832,1718
"5553957443","2016-04-14 00:00:00",17022,2324
"5553957443","2016-04-15 00:00:00",16556,2254
"5553957443","2016-04-16 00:00:00",5771,1831
"5553957443","2016-04-17 00:00:00",655,1397
"5553957443","2016-04-18 00:00:00",3727,1683
"5553957443","2016-04-19 00:00:00",15482,2284
"5553957443","2016-04-20 00:00:00",2713,1570
"5553957443","2016-04-21 00:00:00",12346,2066
"5553957443","2016-04-22 00:00:00",11682,2105
"5553957443","2016-04-23 00:00:00",4112,1776
"5553957443","2016-04-24 00:00:00",1807,1507
"5553957443","2016-04-25 00:00:00",10946,2033
"5553957443","2016-04-26 00:00:00",11886,2093
"5553957443","2016-04-27 00:00:00",10538,1922
"5553957443","2016-04-28 00:00:00",11393,1999
"5553957443","2016-04-29 00:00:00",12764,2169
"5553957443","2016-04-30 00:00:00",1202,1463
"5553957443","2016-05-01 00:00:00",5164,1747
"5553957443","2016-05-02 00:00:00",9769,1996
"5553957443","2016-05-03 00:00:00",12848,2116
"5553957443","2016-05-04 00:00:00",4249,1698
"5553957443","2016-05-05 00:00:00",14331,2156
"5553957443","2016-05-06 00:00:00",9632,1916
"5553957443","2016-05-07 00:00:00",1868,1494
"5553957443","2016-05-08 00:00:00",6083,1762
"5553957443","2016-05-09 00:00:00",11611,2272
"5553957443","2016-05-10 00:00:00",16358,2335
"5553957443","2016-05-11 00:00:00",4926,1693
"5553957443","2016-05-12 00:00:00",3121,741
"5577150313","2016-04-12 00:00:00",8135,3405
"5577150313","2016-04-13 00:00:00",5077,2551
"5577150313","2016-04-14 00:00:00",8596,4022
"5577150313","2016-04-15 00:00:00",12087,4005
"5577150313","2016-04-16 00:00:00",14269,4274
"5577150313","2016-04-17 00:00:00",12231,4552
"5577150313","2016-04-18 00:00:00",9893,3625
"5577150313","2016-04-19 00:00:00",12574,3501
"5577150313","2016-04-20 00:00:00",8330,3192
"5577150313","2016-04-21 00:00:00",10830,4018
"5577150313","2016-04-22 00:00:00",9172,3329
"5577150313","2016-04-23 00:00:00",7638,3152
"5577150313","2016-04-24 00:00:00",15764,4392
"5577150313","2016-04-25 00:00:00",6393,3374
"5577150313","2016-04-26 00:00:00",5325,3088
"5577150313","2016-04-27 00:00:00",6805,3294
"5577150313","2016-04-28 00:00:00",9841,3580
"5577150313","2016-04-29 00:00:00",7924,3544
"5577150313","2016-04-30 00:00:00",12363,4501
"5577150313","2016-05-01 00:00:00",13368,4546
"5577150313","2016-05-02 00:00:00",7439,3014
"5577150313","2016-05-03 00:00:00",11045,3795
"5577150313","2016-05-04 00:00:00",5206,2755
"5577150313","2016-05-05 00:00:00",7550,3004
"5577150313","2016-05-06 00:00:00",4950,2643
"5577150313","2016-05-07 00:00:00",0,1819
"5577150313","2016-05-08 00:00:00",0,1819
"5577150313","2016-05-09 00:00:00",3421,2489
"5577150313","2016-05-10 00:00:00",8869,3841
"5577150313","2016-05-11 00:00:00",4038,1665
"6117666160","2016-04-12 00:00:00",0,1496
"6117666160","2016-04-13 00:00:00",0,1496
"6117666160","2016-04-14 00:00:00",0,1496
"6117666160","2016-04-15 00:00:00",14019,2865
"6117666160","2016-04-16 00:00:00",14450,2828
"6117666160","2016-04-17 00:00:00",7150,2225
"6117666160","2016-04-18 00:00:00",5153,2018
"6117666160","2016-04-19 00:00:00",11135,2606
"6117666160","2016-04-20 00:00:00",10449,2536
"6117666160","2016-04-21 00:00:00",19542,4900
"6117666160","2016-04-22 00:00:00",8206,2409
"6117666160","2016-04-23 00:00:00",11495,2651
"6117666160","2016-04-24 00:00:00",7623,2305
"6117666160","2016-04-25 00:00:00",0,1497
"6117666160","2016-04-26 00:00:00",9543,2450
"6117666160","2016-04-27 00:00:00",9411,2576
"6117666160","2016-04-28 00:00:00",3403,1879
"6117666160","2016-04-29 00:00:00",9592,2560
"6117666160","2016-04-30 00:00:00",6987,2275
"6117666160","2016-05-01 00:00:00",8915,2361
"6117666160","2016-05-02 00:00:00",4933,2044
"6117666160","2016-05-03 00:00:00",0,1496
"6117666160","2016-05-04 00:00:00",2997,1902
"6117666160","2016-05-05 00:00:00",9799,2636
"6117666160","2016-05-06 00:00:00",3365,1838
"6117666160","2016-05-07 00:00:00",7336,2469
"6117666160","2016-05-08 00:00:00",7328,2250
"6117666160","2016-05-09 00:00:00",4477,1248
"6290855005","2016-04-12 00:00:00",4562,2560
"6290855005","2016-04-13 00:00:00",7142,2905
"6290855005","2016-04-14 00:00:00",7671,2952
"6290855005","2016-04-15 00:00:00",9501,2896
"6290855005","2016-04-16 00:00:00",8301,2783
"6290855005","2016-04-17 00:00:00",7851,3171
"6290855005","2016-04-18 00:00:00",6885,2766
"6290855005","2016-04-19 00:00:00",7142,2839
"6290855005","2016-04-20 00:00:00",6361,2701
"6290855005","2016-04-21 00:00:00",0,2060
"6290855005","2016-04-22 00:00:00",6238,2796
"6290855005","2016-04-23 00:00:00",0,2664
"6290855005","2016-04-24 00:00:00",5896,2703
"6290855005","2016-04-25 00:00:00",7802,2771
"6290855005","2016-04-26 00:00:00",0,2060
"6290855005","2016-04-27 00:00:00",5565,2743
"6290855005","2016-04-28 00:00:00",5731,2687
"6290855005","2016-04-29 00:00:00",0,2060
"6290855005","2016-04-30 00:00:00",6744,2843
"6290855005","2016-05-01 00:00:00",9837,3327
"6290855005","2016-05-02 00:00:00",6781,2725
"6290855005","2016-05-03 00:00:00",6047,2671
"6290855005","2016-05-04 00:00:00",5832,2718
"6290855005","2016-05-05 00:00:00",6339,2682
"6290855005","2016-05-06 00:00:00",6116,2806
"6290855005","2016-05-07 00:00:00",5510,2613
"6290855005","2016-05-08 00:00:00",7706,2712
"6290855005","2016-05-09 00:00:00",6277,2175
"6290855005","2016-05-10 00:00:00",0,0
"6775888955","2016-04-12 00:00:00",0,1841
"6775888955","2016-04-13 00:00:00",4053,2400
"6775888955","2016-04-14 00:00:00",5162,2507
"6775888955","2016-04-15 00:00:00",1282,2127
"6775888955","2016-04-16 00:00:00",4732,2225
"6775888955","2016-04-17 00:00:00",2497,2067
"6775888955","2016-04-18 00:00:00",8294,2798
"6775888955","2016-04-19 00:00:00",0,1841
"6775888955","2016-04-20 00:00:00",10771,3727
"6775888955","2016-04-21 00:00:00",0,1841
"6775888955","2016-04-22 00:00:00",637,1922
"6775888955","2016-04-23 00:00:00",0,1841
"6775888955","2016-04-24 00:00:00",2153,2053
"6775888955","2016-04-25 00:00:00",6474,2484
"6775888955","2016-04-26 00:00:00",7091,2584
"6775888955","2016-04-27 00:00:00",0,1841
"6775888955","2016-04-28 00:00:00",703,1993
"6775888955","2016-04-29 00:00:00",0,1841
"6775888955","2016-04-30 00:00:00",2503,2280
"6775888955","2016-05-01 00:00:00",2487,2319
"6775888955","2016-05-02 00:00:00",0,1841
"6775888955","2016-05-03 00:00:00",9,1843
"6775888955","2016-05-04 00:00:00",0,1841
"6775888955","2016-05-05 00:00:00",0,1841
"6775888955","2016-05-06 00:00:00",4697,2496
"6775888955","2016-05-07 00:00:00",1967,1032
"6962181067","2016-04-12 00:00:00",10199,1994
"6962181067","2016-04-13 00:00:00",5652,1718
"6962181067","2016-04-14 00:00:00",1551,1466
"6962181067","2016-04-15 00:00:00",5563,1756
"6962181067","2016-04-16 00:00:00",13217,2173
"6962181067","2016-04-17 00:00:00",10145,2027
"6962181067","2016-04-18 00:00:00",11404,2039
"6962181067","2016-04-19 00:00:00",10742,2046
"6962181067","2016-04-20 00:00:00",13928,2174
"6962181067","2016-04-21 00:00:00",11835,2179
"6962181067","2016-04-22 00:00:00",10725,2086
"6962181067","2016-04-23 00:00:00",20031,2571
"6962181067","2016-04-24 00:00:00",5029,1705
"6962181067","2016-04-25 00:00:00",13239,2194
"6962181067","2016-04-26 00:00:00",10433,2012
"6962181067","2016-04-27 00:00:00",10320,2034
"6962181067","2016-04-28 00:00:00",12627,2182
"6962181067","2016-04-29 00:00:00",10762,2254
"6962181067","2016-04-30 00:00:00",10081,2002
"6962181067","2016-05-01 00:00:00",5454,1740
"6962181067","2016-05-02 00:00:00",12912,2162
"6962181067","2016-05-03 00:00:00",12109,2072
"6962181067","2016-05-04 00:00:00",10147,2086
"6962181067","2016-05-05 00:00:00",10524,2066
"6962181067","2016-05-06 00:00:00",5908,1850
"6962181067","2016-05-07 00:00:00",6815,1947
"6962181067","2016-05-08 00:00:00",4188,1659
"6962181067","2016-05-09 00:00:00",12342,2105
"6962181067","2016-05-10 00:00:00",15448,2361
"6962181067","2016-05-11 00:00:00",6722,1855
"6962181067","2016-05-12 00:00:00",3587,928
"7007744171","2016-04-12 00:00:00",14172,2937
"7007744171","2016-04-13 00:00:00",12862,2742
"7007744171","2016-04-14 00:00:00",11179,2668
"7007744171","2016-04-15 00:00:00",5273,2098
"7007744171","2016-04-16 00:00:00",4631,2076
"7007744171","2016-04-17 00:00:00",8059,2383
"7007744171","2016-04-18 00:00:00",14816,2832
"7007744171","2016-04-19 00:00:00",14194,2812
"7007744171","2016-04-20 00:00:00",15566,3096
"7007744171","2016-04-21 00:00:00",13744,2763
"7007744171","2016-04-22 00:00:00",15299,2889
"7007744171","2016-04-23 00:00:00",8093,2284
"7007744171","2016-04-24 00:00:00",11085,2667
"7007744171","2016-04-25 00:00:00",18229,3055
"7007744171","2016-04-26 00:00:00",15090,2939
"7007744171","2016-04-27 00:00:00",13541,2830
"7007744171","2016-04-28 00:00:00",15128,2836
"7007744171","2016-04-29 00:00:00",20067,3180
"7007744171","2016-04-30 00:00:00",3761,2051
"7007744171","2016-05-01 00:00:00",5600,2225
"7007744171","2016-05-02 00:00:00",13041,2642
"7007744171","2016-05-03 00:00:00",14510,2976
"7007744171","2016-05-04 00:00:00",0,1557
"7007744171","2016-05-05 00:00:00",15010,2933
"7007744171","2016-05-06 00:00:00",11459,2553
"7007744171","2016-05-07 00:00:00",0,120
"7086361926","2016-04-12 00:00:00",11317,2772
"7086361926","2016-04-13 00:00:00",5813,2516
"7086361926","2016-04-14 00:00:00",9123,2734
"7086361926","2016-04-15 00:00:00",8585,2395
"7086361926","2016-04-16 00:00:00",31,1635
"7086361926","2016-04-17 00:00:00",0,1629
"7086361926","2016-04-18 00:00:00",9827,2743
"7086361926","2016-04-19 00:00:00",10688,2944
"7086361926","2016-04-20 00:00:00",14365,2997
"7086361926","2016-04-21 00:00:00",9469,2463
"7086361926","2016-04-22 00:00:00",9753,2846
"7086361926","2016-04-23 00:00:00",2817,1965
"7086361926","2016-04-24 00:00:00",3520,2049
"7086361926","2016-04-25 00:00:00",10091,2752
"7086361926","2016-04-26 00:00:00",10387,2781
"7086361926","2016-04-27 00:00:00",11107,2693
"7086361926","2016-04-28 00:00:00",11584,2862
"7086361926","2016-04-29 00:00:00",7881,2616
"7086361926","2016-04-30 00:00:00",14560,2995
"7086361926","2016-05-01 00:00:00",12390,2730
"7086361926","2016-05-02 00:00:00",10052,2754
"7086361926","2016-05-03 00:00:00",10288,2754
"7086361926","2016-05-04 00:00:00",10988,2655
"7086361926","2016-05-05 00:00:00",8564,2386
"7086361926","2016-05-06 00:00:00",12461,2924
"7086361926","2016-05-07 00:00:00",12827,2739
"7086361926","2016-05-08 00:00:00",10677,2534
"7086361926","2016-05-09 00:00:00",13566,2960
"7086361926","2016-05-10 00:00:00",14433,2800
"7086361926","2016-05-11 00:00:00",9572,2735
"7086361926","2016-05-12 00:00:00",3789,1199
"8053475328","2016-04-12 00:00:00",18060,3186
"8053475328","2016-04-13 00:00:00",16433,3140
"8053475328","2016-04-14 00:00:00",20159,3411
"8053475328","2016-04-15 00:00:00",20669,3410
"8053475328","2016-04-16 00:00:00",14549,2867
"8053475328","2016-04-17 00:00:00",18827,3213
"8053475328","2016-04-18 00:00:00",17076,3133
"8053475328","2016-04-19 00:00:00",15929,3114
"8053475328","2016-04-20 00:00:00",15108,3043
"8053475328","2016-04-21 00:00:00",16057,3103
"8053475328","2016-04-22 00:00:00",10520,2655
"8053475328","2016-04-23 00:00:00",22359,3554
"8053475328","2016-04-24 00:00:00",22988,3577
"8053475328","2016-04-25 00:00:00",20500,3403
"8053475328","2016-04-26 00:00:00",12685,2846
"8053475328","2016-04-27 00:00:00",12422,2852
"8053475328","2016-04-28 00:00:00",15447,3062
"8053475328","2016-04-29 00:00:00",12315,2794
"8053475328","2016-04-30 00:00:00",7135,2408
"8053475328","2016-05-01 00:00:00",1170,1886
"8053475328","2016-05-02 00:00:00",1969,1988
"8053475328","2016-05-03 00:00:00",15484,3023
"8053475328","2016-05-04 00:00:00",14581,2918
"8053475328","2016-05-05 00:00:00",14990,2950
"8053475328","2016-05-06 00:00:00",13953,2859
"8053475328","2016-05-07 00:00:00",19769,3331
"8053475328","2016-05-08 00:00:00",22026,3589
"8053475328","2016-05-09 00:00:00",12465,2765
"8053475328","2016-05-10 00:00:00",14810,2926
"8053475328","2016-05-11 00:00:00",12209,2809
"8053475328","2016-05-12 00:00:00",4998,1505
"8253242879","2016-04-12 00:00:00",9033,2044
"8253242879","2016-04-13 00:00:00",8053,1935
"8253242879","2016-04-14 00:00:00",5234,1705
"8253242879","2016-04-15 00:00:00",2672,1632
"8253242879","2016-04-16 00:00:00",9256,1880
"8253242879","2016-04-17 00:00:00",10204,2112
"8253242879","2016-04-18 00:00:00",5151,1829
"8253242879","2016-04-19 00:00:00",4212,1763
"8253242879","2016-04-20 00:00:00",6466,1931
"8253242879","2016-04-21 00:00:00",11268,2218
"8253242879","2016-04-22 00:00:00",2824,1651
"8253242879","2016-04-23 00:00:00",9282,2132
"8253242879","2016-04-24 00:00:00",8905,1976
"8253242879","2016-04-25 00:00:00",6829,1909
"8253242879","2016-04-26 00:00:00",4562,1813
"8253242879","2016-04-27 00:00:00",10232,2008
"8253242879","2016-04-28 00:00:00",2718,1580
"8253242879","2016-04-29 00:00:00",6260,1854
"8253242879","2016-04-30 00:00:00",0,0
"8378563200","2016-04-12 00:00:00",7626,3635
"8378563200","2016-04-13 00:00:00",12386,4079
"8378563200","2016-04-14 00:00:00",13318,4163
"8378563200","2016-04-15 00:00:00",14461,3666
"8378563200","2016-04-16 00:00:00",11207,3363
"8378563200","2016-04-17 00:00:00",2132,2572
"8378563200","2016-04-18 00:00:00",13630,4157
"8378563200","2016-04-19 00:00:00",13070,4092
"8378563200","2016-04-20 00:00:00",9388,3787
"8378563200","2016-04-21 00:00:00",15148,4236
"8378563200","2016-04-22 00:00:00",12200,4044
"8378563200","2016-04-23 00:00:00",5709,2908
"8378563200","2016-04-24 00:00:00",3703,2741
"8378563200","2016-04-25 00:00:00",12405,4005
"8378563200","2016-04-26 00:00:00",16208,3763
"8378563200","2016-04-27 00:00:00",7359,3061
"8378563200","2016-04-28 00:00:00",5417,2884
"8378563200","2016-04-29 00:00:00",6175,2982
"8378563200","2016-04-30 00:00:00",2946,2660
"8378563200","2016-05-01 00:00:00",11419,3369
"8378563200","2016-05-02 00:00:00",6064,3491
"8378563200","2016-05-03 00:00:00",8712,3784
"8378563200","2016-05-04 00:00:00",7875,3110
"8378563200","2016-05-05 00:00:00",8567,3783
"8378563200","2016-05-06 00:00:00",7045,3644
"8378563200","2016-05-07 00:00:00",4468,2799
"8378563200","2016-05-08 00:00:00",2943,2685
"8378563200","2016-05-09 00:00:00",8382,3721
"8378563200","2016-05-10 00:00:00",6582,3586
"8378563200","2016-05-11 00:00:00",9143,3788
"8378563200","2016-05-12 00:00:00",4561,1976
"8583815059","2016-04-12 00:00:00",5014,2650
"8583815059","2016-04-13 00:00:00",5571,2654
"8583815059","2016-04-14 00:00:00",3135,2443
"8583815059","2016-04-15 00:00:00",3430,2505
"8583815059","2016-04-16 00:00:00",5319,2693
"8583815059","2016-04-17 00:00:00",3008,2439
"8583815059","2016-04-18 00:00:00",3864,2536
"8583815059","2016-04-19 00:00:00",5697,2668
"8583815059","2016-04-20 00:00:00",5273,2647
"8583815059","2016-04-21 00:00:00",8538,2883
"8583815059","2016-04-22 00:00:00",8687,2944
"8583815059","2016-04-23 00:00:00",9423,3012
"8583815059","2016-04-24 00:00:00",8286,2889
"8583815059","2016-04-25 00:00:00",4503,2547
"8583815059","2016-04-26 00:00:00",10499,3093
"8583815059","2016-04-27 00:00:00",12474,3142
"8583815059","2016-04-28 00:00:00",6174,2757
"8583815059","2016-04-29 00:00:00",15168,3513
"8583815059","2016-04-30 00:00:00",10085,3164
"8583815059","2016-05-01 00:00:00",4512,2596
"8583815059","2016-05-02 00:00:00",8469,2894
"8583815059","2016-05-03 00:00:00",12015,3212
"8583815059","2016-05-04 00:00:00",3588,2516
"8583815059","2016-05-05 00:00:00",12427,3266
"8583815059","2016-05-06 00:00:00",5843,2683
"8583815059","2016-05-07 00:00:00",6117,2810
"8583815059","2016-05-08 00:00:00",9217,2940
"8583815059","2016-05-09 00:00:00",9877,2947
"8583815059","2016-05-10 00:00:00",8240,2846
"8583815059","2016-05-11 00:00:00",8701,2804
"8583815059","2016-05-12 00:00:00",0,0
"8792009665","2016-04-12 00:00:00",2564,2044
"8792009665","2016-04-13 00:00:00",1320,1934
"8792009665","2016-04-14 00:00:00",1219,1963
"8792009665","2016-04-15 00:00:00",2483,2009
"8792009665","2016-04-16 00:00:00",244,1721
"8792009665","2016-04-17 00:00:00",0,1688
"8792009665","2016-04-18 00:00:00",0,1688
"8792009665","2016-04-19 00:00:00",0,1688
"8792009665","2016-04-20 00:00:00",3147,2188
"8792009665","2016-04-21 00:00:00",144,1720
"8792009665","2016-04-22 00:00:00",4068,2419
"8792009665","2016-04-23 00:00:00",5245,2748
"8792009665","2016-04-24 00:00:00",400,1799
"8792009665","2016-04-25 00:00:00",0,1688
"8792009665","2016-04-26 00:00:00",1321,1928
"8792009665","2016-04-27 00:00:00",1758,2067
"8792009665","2016-04-28 00:00:00",6157,2780
"8792009665","2016-04-29 00:00:00",8360,3101
"8792009665","2016-04-30 00:00:00",7174,2896
"8792009665","2016-05-01 00:00:00",1619,1962
"8792009665","2016-05-02 00:00:00",1831,2015
"8792009665","2016-05-03 00:00:00",2421,2297
"8792009665","2016-05-04 00:00:00",2283,2067
"8792009665","2016-05-05 00:00:00",0,1688
"8792009665","2016-05-06 00:00:00",0,1688
"8792009665","2016-05-07 00:00:00",0,1688
"8792009665","2016-05-08 00:00:00",0,1688
"8792009665","2016-05-09 00:00:00",0,1688
"8792009665","2016-05-10 00:00:00",0,57
"8877689391","2016-04-12 00:00:00",23186,3921
"8877689391","2016-04-13 00:00:00",15337,3566
"8877689391","2016-04-14 00:00:00",21129,3793
"8877689391","2016-04-15 00:00:00",13422,3934
"8877689391","2016-04-16 00:00:00",29326,4547
"8877689391","2016-04-17 00:00:00",15118,3545
"8877689391","2016-04-18 00:00:00",11423,2761
"8877689391","2016-04-19 00:00:00",18785,3676
"8877689391","2016-04-20 00:00:00",19948,3679
"8877689391","2016-04-21 00:00:00",19377,3659
"8877689391","2016-04-22 00:00:00",18258,3427
"8877689391","2016-04-23 00:00:00",11200,3891
"8877689391","2016-04-24 00:00:00",16674,3455
"8877689391","2016-04-25 00:00:00",12986,3802
"8877689391","2016-04-26 00:00:00",11101,2860
"8877689391","2016-04-27 00:00:00",23629,3808
"8877689391","2016-04-28 00:00:00",14890,3060
"8877689391","2016-04-29 00:00:00",9733,2698
"8877689391","2016-04-30 00:00:00",27745,4398
"8877689391","2016-05-01 00:00:00",10930,2786
"8877689391","2016-05-02 00:00:00",4790,2189
"8877689391","2016-05-03 00:00:00",10818,2817
"8877689391","2016-05-04 00:00:00",18193,3477
"8877689391","2016-05-05 00:00:00",14055,3052
"8877689391","2016-05-06 00:00:00",21727,4015
"8877689391","2016-05-07 00:00:00",12332,4142
"8877689391","2016-05-08 00:00:00",10686,2847
"8877689391","2016-05-09 00:00:00",20226,3710
"8877689391","2016-05-10 00:00:00",10733,2832
"8877689391","2016-05-11 00:00:00",21420,3832
"8877689391","2016-05-12 00:00:00",8064,1849
